<step title="Incoming Request" date="2025-08-22T14:16:37.225" instance="2c550d" url="/api/zipdeploy?isAsync=true" method="POST" type="request" pid="767,1,18" Accept="*/*" Host="brainflowy-backend.scm.azurewebsites.net" User-Agent="AZURECLI/2.76.0 (HOMEBREW)" Accept-Encoding="gzip, deflate" Authorization="Bea..." Cache-Control="no-cache" Content-Type="application/octet-stream" Cookie="ARRAffinity=2c550d49ed3e1b1a45dc9c4395b7293b5ef7655bd4027d094c053da6ad53b43c; ARRAffinitySameSite=2c550d49ed3e1b1a45dc9c4395b7293b5ef7655bd4027d094c053da6ad53b43c" Content-Length="37386006" x-ms-client-request-id="93f0e8f0-7f62-11f0-b16a-2e924baabeba" x-ms-artifact-checksum="f421fb7491822508efd331e1fb9dfd83622eb23727fafc7ad9d61c552fa2efa2" X-ARR-LOG-ID="93f0e8f0-7f62-11f0-b16a-2e924baabeba" CLIENT-IP="35.146.24.176:18648" X-SITE-DEPLOYMENT-ID="brainflowy-backend" WAS-DEFAULT-HOSTNAME="brainflowy-backend.scm.azurewebsites.net" X-Forwarded-Proto="https" X-AppService-Proto="https" X-Forwarded-TlsVersion="1.3" X-WAWS-Unencoded-URL="/api/zipdeploy?isAsync=true" X-Client-IP="35.146.24.176" X-Client-Port="18648" >
  <step title="ZipPushDeploy" date="2025-08-22T14:16:37.262" >
    <step title="ZipDeploy. Extract zip." date="2025-08-22T14:16:37.320" /><!-- duration: 5ms -->
    <step title="None repository commit" date="2025-08-22T14:16:37.336" >
      <step title="Commit id: 8a1d9f5b-f616-4538-aa5f-43b23733855e" date="2025-08-22T14:16:37.342" Message="N/A" AuthorName="N/A" AuthorEmail="N/A" /><!-- duration: 46ms -->
    </step><!-- duration: 58ms -->
    <step title="Starting PushDeployAsync" date="2025-08-22T14:16:37.400" /><!-- duration: 10ms -->
    <step title="Writing artifact to /tmp/zipdeploy/c2cd9b9e-8c1d-452e-8115-18ce2a62b26d.zip" date="2025-08-22T14:16:37.430" >
      <step title="Writing multipart request body to /tmp/zipdeploy/c2cd9b9e-8c1d-452e-8115-18ce2a62b26d.zip" date="2025-08-22T14:16:37.437" /><!-- duration: 6ms -->
    </step><!-- duration: 12602ms -->
    <step title="Start deployment in the background" date="2025-08-22T14:16:50.072" >
      <step title="Acquiring Deployment Lock" date="2025-08-22T14:16:50.110" /><!-- duration: 6ms -->
      <step title="Acquired Deployment Lock" date="2025-08-22T14:16:50.192" /><!-- duration: 9ms -->
    </step><!-- duration: 252ms -->
  </step><!-- duration: 13070ms -->
  <step title="Outgoing response" date="2025-08-22T14:16:50.341" type="response" statusCode="202" statusText="Accepted" /><!-- duration: 6ms -->
</step><!-- duration: 13127ms -->
