﻿<?xml version="1.0" encoding="utf-8"?>
<deployment>
  <id>5840fa9b-d3cc-402e-ac58-65ca01e5976a</id>
  <author>N/A</author>
  <deployer>Push-Deployer</deployer>
  <authorEmail>N/A</authorEmail>
  <message>Created via a push deployment</message>
  <progress></progress>
  <status>Success</status>
  <statusText></statusText>
  <lastSuccessEndTime>2025-08-22T17:20:49.5780009Z</lastSuccessEndTime>
  <receivedTime>2025-08-22T17:20:42.0045603Z</receivedTime>
  <startTime>2025-08-22T17:20:43.4039167Z</startTime>
  <endTime>2025-08-22T17:20:49.5780009Z</endTime>
  <complete>True</complete>
  <is_temp>False</is_temp>
  <is_readonly>True</is_readonly>
  <buildSummary />
</deployment>