<step title="Incoming Request" date="2025-08-22T14:06:25.161" instance="2c550d" url="/api/zipdeploy?isAsync=true" method="POST" type="request" pid="768,1,5" Accept="*/*" Host="brainflowy-backend.scm.azurewebsites.net" User-Agent="AZURECLI/2.76.0 (HOMEBREW)" Accept-Encoding="gzip, deflate" Authorization="Bea..." Cache-Control="no-cache" Content-Type="application/octet-stream" Content-Length="39006309" x-ms-client-request-id="d8783372-7f60-11f0-a78c-2e924baabeba" x-ms-artifact-checksum="dde4d1847f9936962544297d92917924a419f3420600d644332b39dd4eb0726d" X-ARR-LOG-ID="d8783372-7f60-11f0-a78c-2e924baabeba" CLIENT-IP="35.146.24.176:20160" X-SITE-DEPLOYMENT-ID="brainflowy-backend" WAS-DEFAULT-HOSTNAME="brainflowy-backend.scm.azurewebsites.net" X-Forwarded-Proto="https" X-AppService-Proto="https" X-Forwarded-TlsVersion="1.3" X-WAWS-Unencoded-URL="/api/zipdeploy?isAsync=true" X-Client-IP="35.146.24.176" X-Client-Port="20160" >
  <step title="ZipPushDeploy" date="2025-08-22T14:06:25.457" >
    <step title="ZipDeploy. Extract zip." date="2025-08-22T14:06:25.477" /><!-- duration: 6ms -->
    <step title="None repository commit" date="2025-08-22T14:06:25.504" >
      <step title="Commit id: c44ca2e6-6e9c-4372-96ed-59d5f8886954" date="2025-08-22T14:06:25.510" Message="N/A" AuthorName="N/A" AuthorEmail="N/A" /><!-- duration: 13ms -->
    </step><!-- duration: 30ms -->
    <step title="Starting PushDeployAsync" date="2025-08-22T14:06:25.540" /><!-- duration: 6ms -->
    <step title="Writing artifact to /tmp/zipdeploy/8f995858-89be-4bed-bdf9-f869e45c0943.zip" date="2025-08-22T14:06:25.568" >
      <step title="Writing multipart request body to /tmp/zipdeploy/8f995858-89be-4bed-bdf9-f869e45c0943.zip" date="2025-08-22T14:06:25.575" /><!-- duration: 8ms -->
      <step title="Error occurred" date="2025-08-22T14:06:25.625" type="error" text="Exception in copying zip file to temp path. Exception: Microsoft.AspNetCore.Server.Kestrel.Core.BadHttpRequestException: Unexpected end of request content.
   at Microsoft.AspNetCore.Server.Kestrel.Core.Internal.Http.Http1ContentLengthMessageBody.ReadAsyncInternal(CancellationToken cancellationToken)
   at System.Runtime.CompilerServices.PoolingAsyncValueTaskMethodBuilder`1.StateMachineBox`1.System.Threading.Tasks.Sources.IValueTaskSource&lt;TResult&gt;.GetResult(Int16 token)
   at System.IO.Pipelines.PipeReader.CopyToAsyncCore[TStream](TStream destination, Func`4 writeAsync, CancellationToken cancellationToken)
   at Kudu.Services.Deployment.PushDeploymentController.CopyZipFromRequestBody(String artifactTempPath, ITracer tracer) in /tmp/KuduLite/Kudu.Services/Deployment/PushDeploymentController.cs:line 1473: Unexpected end of request content." stackTrace="   at Microsoft.AspNetCore.Server.Kestrel.Core.Internal.Http.Http1ContentLengthMessageBody.ReadAsyncInternal(CancellationToken cancellationToken)
   at System.Runtime.CompilerServices.PoolingAsyncValueTaskMethodBuilder`1.StateMachineBox`1.System.Threading.Tasks.Sources.IValueTaskSource&lt;TResult&gt;.GetResult(Int16 token)
   at System.IO.Pipelines.PipeReader.CopyToAsyncCore[TStream](TStream destination, Func`4 writeAsync, CancellationToken cancellationToken)
   at Kudu.Services.Deployment.PushDeploymentController.CopyZipFromRequestBody(String artifactTempPath, ITracer tracer) in /tmp/KuduLite/Kudu.Services/Deployment/PushDeploymentController.cs:line 1473" /><!-- duration: 13ms -->
    </step><!-- duration: 105ms -->
    <step title="Error occurred" date="2025-08-22T14:06:25.686" type="error" text="Request was Aborted. Deployment was cancelled" /><!-- duration: 11ms -->
  </step><!-- duration: 254ms -->
  <step title="Outgoing response" date="2025-08-22T14:06:25.742" type="response" statusCode="499" statusText="499" /><!-- duration: 8ms -->
</step><!-- duration: 601ms -->
