<step title="Incoming Request" date="2025-08-22T16:23:35.654" instance="2c550d" url="/api/publish?type=zip&amp;async=False&amp;restart=True" method="POST" type="request" pid="768,1,3" Accept="*/*" Host="brainflowy-backend.scm.azurewebsites.net" User-Agent="AZURECLI/2.76.0 (HOMEBREW)" Accept-Encoding="gzip, deflate" Authorization="Bea..." Cache-Control="no-cache" Content-Type="application/octet-stream" Cookie="ARRAffinity=2c550d49ed3e1b1a45dc9c4395b7293b5ef7655bd4027d094c053da6ad53b43c; ARRAffinitySameSite=2c550d49ed3e1b1a45dc9c4395b7293b5ef7655bd4027d094c053da6ad53b43c" Content-Length="183647" x-ms-client-request-id="54f248da-7f74-11f0-87d2-2e924baabeba" x-ms-artifact-checksum="b26029eec8af75e6802b59131c47ac95f2b6fdb710e8ff92d19aa008dcb3ea61" X-ARR-LOG-ID="54f248da-7f74-11f0-87d2-2e924baabeba" CLIENT-IP="35.146.24.176:19590" X-SITE-DEPLOYMENT-ID="brainflowy-backend" WAS-DEFAULT-HOSTNAME="brainflowy-backend.scm.azurewebsites.net" X-Forwarded-Proto="https" X-AppService-Proto="https" X-Forwarded-TlsVersion="1.3" X-WAWS-Unencoded-URL="/api/publish?type=zip&amp;async=False&amp;restart=True" X-Client-IP="35.146.24.176" X-Client-Port="19590" >
  <step title="OneDeploy" date="2025-08-22T16:23:35.732" >
    <step title="None repository commit" date="2025-08-22T16:23:35.760" >
      <step title="Commit id: 39101d03-dd79-45c6-b057-8cd81856b0db" date="2025-08-22T16:23:35.768" Message="N/A" AuthorName="N/A" AuthorEmail="N/A" /><!-- duration: 15ms -->
    </step><!-- duration: 34ms -->
    <step title="Starting PushDeployAsync" date="2025-08-22T16:23:35.809" /><!-- duration: 10ms -->
    <step title="Writing artifact to /tmp/zipdeploy/9992676e-f209-4ab2-b556-b93fa3b4935f.zip" date="2025-08-22T16:23:35.854" >
      <step title="Writing multipart request body to /tmp/zipdeploy/9992676e-f209-4ab2-b556-b93fa3b4935f.zip" date="2025-08-22T16:23:35.862" /><!-- duration: 13ms -->
    </step><!-- duration: 60ms -->
    <step title="Removing previous build artifact&apos;s manifest file" date="2025-08-22T16:23:35.930" >
      <step title="Attempting to fetch target branch HEAD" date="2025-08-22T16:23:35.974" /><!-- duration: 8ms -->
      <step title="Acquiring Deployment Lock" date="2025-08-22T16:23:35.995" /><!-- duration: 8ms -->
      <step title="Acquired Deployment Lock" date="2025-08-22T16:23:36.074" /><!-- duration: 8ms -->
      <step title="Performing fetch based deployment" date="2025-08-22T16:23:36.109" >
        <step title="Creating temporary deployment" date="2025-08-22T16:23:36.122" /><!-- duration: 91ms -->
        <step title="Releasing Deployment Lock" date="2025-08-22T16:23:37.551" /><!-- duration: 18ms -->
        <step title="Cleaning up temp folders from previous zip deployments and extracting pushed zip file /tmp/zipdeploy/9992676e-f209-4ab2-b556-b93fa3b4935f.zip (0.18 MB) to /tmp/zipdeploy/extracted" date="2025-08-22T16:23:37.660" >
          <step title="ChmodRecursive Process exited with total time taken in ms: 183" date="2025-08-22T16:23:37.933" /><!-- duration: 13ms -->
        </step><!-- duration: 302ms -->
        <step title="None repository commit" date="2025-08-22T16:23:37.988" >
          <step title="Commit id: 39101d03-dd79-45c6-b057-8cd81856b0db" date="2025-08-22T16:23:38.004" Message="OneDeploy" AuthorName="N/A" AuthorEmail="N/A" /><!-- duration: 11ms -->
        </step><!-- duration: 35ms -->
        <step title="Deployment timer started" date="2025-08-22T16:23:40.038" >
          <step title="DeploymentManager.Deploy(id:39101d03-dd79-45c6-b057-8cd81856b0db)" date="2025-08-22T16:23:40.063" >
            <step title="Collecting changeset information" date="2025-08-22T16:23:40.097" /><!-- duration: 163ms -->
            <step title="Updating submodules" date="2025-08-22T16:23:40.279" /><!-- duration: 1245ms -->
            <step title="Determining deployment builder" date="2025-08-22T16:23:41.860" >
              <step title="Builder is OryxBuilder" date="2025-08-22T16:23:41.884" /><!-- duration: 16ms -->
            </step><!-- duration: 62ms -->
            <step title="PreDeployment: context.CleanOutputPath False" date="2025-08-22T16:23:42.012" >
              <step title="PreDeployment: context.OutputPath /home/site/wwwroot" date="2025-08-22T16:23:42.209" >
                <step title="Building" date="2025-08-22T16:23:42.441" >
                  <step title="Executing external process" date="2025-08-22T16:23:43.152" type="process" path="bash" arguments="-c &quot;oryx build /tmp/zipdeploy/extracted -o /home/site/wwwroot --platform python --platform-version 3.11 -p virtualenv_name=antenv --log-file /tmp/build-debug.log  -i /tmp/8dde19842415f79 --compress-destination-dir | tee /tmp/oryx-build.log ; exit $PIPESTATUS &quot;" 