<step title="Incoming Request" date="2025-08-22T15:22:38.835" instance="2c550d" url="/api/publish?type=zip&amp;async=True" method="POST" type="request" pid="769,1,19" Accept="*/*" Host="brainflowy-backend.scm.azurewebsites.net" User-Agent="AZURECLI/2.76.0 (HOMEBREW)" Accept-Encoding="gzip, deflate" Authorization="Bea..." Cache-Control="no-cache" Content-Type="application/octet-stream" Cookie="ARRAffinity=2c550d49ed3e1b1a45dc9c4395b7293b5ef7655bd4027d094c053da6ad53b43c; ARRAffinitySameSite=2c550d49ed3e1b1a45dc9c4395b7293b5ef7655bd4027d094c053da6ad53b43c" Content-Length="67919" x-ms-client-request-id="d1d0d258-7f6b-11f0-8d05-2e924baabeba" x-ms-artifact-checksum="1ae4832521e19dd651da3bba83318982199af70500c60e0d7d35cccbc026e5e9" X-ARR-LOG-ID="d1d0d258-7f6b-11f0-8d05-2e924baabeba" CLIENT-IP="35.146.24.176:17554" X-SITE-DEPLOYMENT-ID="brainflowy-backend" WAS-DEFAULT-HOSTNAME="brainflowy-backend.scm.azurewebsites.net" X-Forwarded-Proto="https" X-AppService-Proto="https" X-Forwarded-TlsVersion="1.3" X-WAWS-Unencoded-URL="/api/publish?type=zip&amp;async=True" X-Client-IP="35.146.24.176" X-Client-Port="17554" >
  <step title="OneDeploy" date="2025-08-22T15:22:38.852" >
    <step title="Starting PushDeployAsync" date="2025-08-22T15:22:38.870" /><!-- duration: 11ms -->
    <step title="Writing artifact to /tmp/zipdeploy/ffba9c7e-fdd7-4584-ad60-201732699bad.zip" date="2025-08-22T15:22:38.898" >
      <step title="Writing multipart request body to /tmp/zipdeploy/ffba9c7e-fdd7-4584-ad60-201732699bad.zip" date="2025-08-22T15:22:38.904" /><!-- duration: 13ms -->
    </step><!-- duration: 26ms -->
    <step title="Start deployment in the background" date="2025-08-22T15:22:38.943" >
      <step title="Acquiring Deployment Lock" date="2025-08-22T15:22:38.963" /><!-- duration: 6ms -->
      <step title="Acquired Deployment Lock" date="2025-08-22T15:22:39.013" /><!-- duration: 9ms -->
    </step><!-- duration: 175ms -->
  </step><!-- duration: 275ms -->
  <step title="Outgoing response" date="2025-08-22T15:22:39.143" type="response" statusCode="202" statusText="Accepted" /><!-- duration: 7ms -->
</step><!-- duration: 320ms -->
