﻿<?xml version="1.0" encoding="utf-8"?>
<deployment>
  <id>24615f8b-6fa0-4d32-8f22-3bd5d5a99390</id>
  <author>N/A</author>
  <deployer>OneDeploy</deployer>
  <authorEmail>N/A</authorEmail>
  <message>OneDeploy</message>
  <progress></progress>
  <status>Success</status>
  <statusText></statusText>
  <lastSuccessEndTime>2025-08-22T14:13:46.4784073Z</lastSuccessEndTime>
  <receivedTime>2025-08-22T14:11:07.7315406Z</receivedTime>
  <startTime>2025-08-22T14:11:09.2073822Z</startTime>
  <endTime>2025-08-22T14:13:46.4784073Z</endTime>
  <complete>True</complete>
  <is_temp>False</is_temp>
  <is_readonly>True</is_readonly>
  <buildSummary />
</deployment>