﻿<?xml version="1.0" encoding="utf-8"?>
<deployment>
  <id>39101d03-dd79-45c6-b057-8cd81856b0db</id>
  <author>N/A</author>
  <deployer>OneDeploy</deployer>
  <authorEmail>N/A</authorEmail>
  <message>OneDeploy</message>
  <progress></progress>
  <status>Failed</status>
  <statusText>Deployment has been stopped due to SCM container restart. The restart can happen due to a management operation on site. Do not perform a management operation and a deployment operation in quick succession. Adding a small delay can help avoid any conflicts.</statusText>
  <lastSuccessEndTime />
  <receivedTime>2025-08-22T16:23:40.1706583Z</receivedTime>
  <startTime>2025-08-22T16:23:41.7754356Z</startTime>
  <endTime>2025-08-22T16:24:40.0362515Z</endTime>
  <complete>True</complete>
  <is_temp>False</is_temp>
  <is_readonly>True</is_readonly>
  <buildSummary />
</deployment>